job title,company name,location,skills,links
Senior Software Engineer - Python,Paymob Solutions,"Maadi, Cairo, Egypt ",Full timeExperienced  2+ Yrs of Exp  Python  Computer Science  Software Engineering  Framework  Software Development  AWS  Information Technology (IT)  javaScript  Web Services  ReactJS,https://wuzzuf.net/jobs/p/Wrdr2Xlz7Iw0-Senior-Software-Engineer---Python-Paymob-Solutions-Cairo-Egypt?o=1&l=sp&t=sj&a=python|search-v3|navbl
Senior Python Developer,Crevisoft Corporation,"Cairo, Egypt ",Full timeExperienced  3 - 6 Yrs of Exp  Agile  Python  Information Technology (IT)  Software Development  Flask  SQL  Computer Science  HTML  CSS  AWS,https://wuzzuf.net/jobs/p/ixZFQx49DuUY-Senior-Python-Developer-Crevisoft-Corporation-Cairo-Egypt?o=2&l=sp&t=sj&a=python|search-v3|navbl
Python Developer,ADVINTIC,"Cairo, Egypt ",Full timeWork from homeEntry Level  1 - 3 Yrs of Exp  Python  Software Development  Computer Science  Information Technology (IT)  Software  HTML  IT/Software Development  Engineering - Telecom/Technology,https://wuzzuf.net/jobs/p/1JoaiLsEbEba-Python-Developer-ADVINTIC-Cairo-Egypt?o=3&l=sp&t=sj&a=python|search-v3|navbl
Backend Engineer - Python/Django,Paymob Solutions,"Maadi, Cairo, Egypt ",Full timeExperienced  2 - 3 Yrs of Exp  Information Technology (IT)  Python  Django  AWS  Web Services  Computer Science  Software Development  javaScript  REST  APIs,https://wuzzuf.net/jobs/p/dgFpvP0U4T0Z-Backend-Engineer---PythonDjango-Paymob-Solutions-Cairo-Egypt?o=4&l=sp&t=sj&a=python|search-v3|navbl
"Full Stack Developer PHP, PYTHON, REACT - Remote Full Time",Tqniat Lab L.L.C,"Nasr City, Cairo, Egypt ",Full timeWork from homeExperienced  2 - 5 Yrs of Exp  PHP  CSS  Laravel  javaScript  Computer Science  PHP Developer  React  Python  English  React Native,https://wuzzuf.net/jobs/p/y2mQB5Amdd2g-Full-Stack-Developer-PHP-PYTHON-REACT---Remote-Full-Time-Tqniat-Lab-L-L-C-Cairo-Egypt?o=5&l=sp&t=sj&a=python|search-v3|navbl
Full-Stack Flutter & Python Developer,Confidential -,"Cairo, Egypt ",Full timeWork from homeExperienced  3+ Yrs of Exp  Software Development  Information Technology (IT)  Computer Science  javaScript  Python  Flutter  Full Stack  REST API  IT/Software Development  Engineering - Telecom/Technology,https://wuzzuf.net/jobs/p/homUAav94PQ1-Full-Stack-Flutter-Python-Developer-Cairo-Egypt?o=6&l=sp&t=sj&a=python|search-v3|navbl
Senior Python (Django) Full Stack Developer (Remote - Part Time),Confidential -,"Cairo, Egypt ",Part timeWork from homeExperienced  3 - 5 Yrs of Exp  Software Development  Python  Computer Science  Information Technology (IT)  javaScript  Flask  React  Django  Bottle  Full Stack,https://wuzzuf.net/jobs/p/FhJBDIpIYv21-Senior-Python-Django-Full-Stack-Developer-Remote---Part-Time-Cairo-Egypt?o=7&l=sp&t=sj&a=python|search-v3|navbl
Software Engineer - Backend Development (Python Django),Synapse Analytics,"Heliopolis, Cairo, Egypt ",Full timeEntry Level  0 - 5 Yrs of Exp  Docker  Git  Application Security  TLS  SSL  HTTPS  SQL  DevOps  TCP  IP,https://wuzzuf.net/jobs/p/zU2KNX6nyy1U-Software-Engineer---Backend-Development-Python-Django-Synapse-Analytics-Cairo-Egypt?o=8&l=sp&t=sj&a=python|search-v3|navbl
Senior Python Developer,"Nile Bits, LLC","6th of October, Giza, Egypt ",Full timeWork from homeExperienced  3+ Yrs of Exp  Python  Django  ORM  Web Development  javaScript  HTML5  CSS  Git  Mercurial  SVN,https://wuzzuf.net/jobs/p/KJ1HdMKdN10N-Senior-Python-Developer-Nile-Bits-LLC-Giza-Egypt?o=9&l=sp&t=sj&a=python|search-v3|navbl
Senior Python Full Stack Engineer,Flairstech,"Maadi, Cairo, Egypt ",Full timeExperienced  3 - 5 Yrs of Exp  javaScript  Python  Software Development  Programming  Development  Typescript  Webpack  Computer Science  Information Technology (IT)  Design,https://wuzzuf.net/jobs/p/YE0TvAZWa2st-Senior-Python-Full-Stack-Engineer-Flairstech-Cairo-Egypt?o=10&l=sp&t=sj&a=python|search-v3|navbl
Senior Python Developer,AL-Salam Digital Services,"Nasr City, Cairo, Egypt ",Full timeWork from homeExperienced  5+ Yrs of Exp  Python  Information Technology (IT)  Computer Science  Django  PostgreSQL  Software Development  HTML  SQL  MySQL  javaScript,https://wuzzuf.net/jobs/p/wnYXZKjDv3mb-Senior-Python-Developer-AL-Salam-Digital-Services-Cairo-Egypt?o=11&l=sp&t=sj&a=python|search-v3|navbl
Python Developer,Confidential -,"Nasr City, Cairo, Egypt ",Full timeEntry Level  1+ Yrs of Exp  Computer Science  Software Development  Software Engineering  JavaScript  jQuery  CSS  HTML  Python  Odoo  PHP,https://wuzzuf.net/jobs/p/7NxDQGvQ6IqX-Python-Developer-Cairo-Egypt?o=12&l=sp&t=sj&a=python|search-v3|navbl
Python Backend Developer,"Bonocle, Inc.","Cairo, Egypt ",Full timeExperienced  3 - 5 Yrs of Exp  Python  Django  Flask  Python Developer  Backend  Information Technology (IT)  Computer Science  Software Development  Computer Engineering  Engineering,https://wuzzuf.net/jobs/p/pMu2xKvv67b6-Python-Backend-Developer-Bonocle-Inc-Cairo-Egypt?o=13&l=sp&t=sj&a=python|search-v3|navbl
Python With Pandas.,Cegedim,"New Cairo, Cairo, Egypt ",Full timeExperienced  3 - 5 Yrs of Exp  Pandas  Python  Software Engineering  Web Development  Numpy  SQL  Database  S3  Git  Data,https://wuzzuf.net/jobs/p/Mz2c4SZcNbI0-Python-With-Pandas-Cegedim-Cairo-Egypt?o=14&l=sp&t=sj&a=python|search-v3|navbl
Full Stack Python Developer,Div Systems,"Mokattam, Cairo, Egypt ",Full timeExperienced  3+ Yrs of Exp  Information Technology (IT)  Computer Science  Software Development  Angular  SQL  HTML5  Web Development  CSS3  Python  javaScript,https://wuzzuf.net/jobs/p/GelxQqszHihh-Full-Stack-Python-Developer-Div-Systems-Cairo-Egypt?o=15&l=sp&t=sj&a=python|search-v3|navbl
Odoo Developer,Crevisoft Corporation,"Cairo, Egypt ",Full timeExperienced  2 - 4 Yrs of Exp  Odoo  Python  HTML  PostgreSQL  XML  API  Information Technology (IT)  Computer Science  Linux  jQuery,https://wuzzuf.net/jobs/p/kZDSiZgPQLrN-Odoo-Developer-Crevisoft-Corporation-Cairo-Egypt?o=16&l=sp&t=sj&a=python|search-v3|navbl
Senior Odoo Developer & Implementer,EZI Codes,"Nasr City, Cairo, Egypt ",Full timeExperienced  2 - 6 Yrs of Exp  Odoo  Odoo Modules  Python  Software Development  Information Technology (IT)  Computer Science  HTML  English  API  Git,https://wuzzuf.net/jobs/p/HAltqwwHqeyv-Senior-Odoo-Developer-Implementer-EZI-Codes-Cairo-Egypt?o=17&l=sp&t=sj&a=python|search-v3|navbl
Senior Odoo Developer,Peerless,"Giza, Giza, Egypt ",Full timeExperienced  3 - 5 Yrs of Exp  Odoo  HTML  Python  PostgreSQL  javaScript  XML  API  Odoo Modules  jQuery  Programming,https://wuzzuf.net/jobs/p/RdsJ7Gedr7vi-Senior-Odoo-Developer-Peerless-Giza-Egypt?o=18&l=sp&t=sj&a=python|search-v3|navbl
Senior Odoo Developer,Confidential -,"Mohandessin, Giza, Egypt ",Full timeExperienced  2 - 8 Yrs of Exp  Odoo  Software  Computer Science  Information Technology (IT)  Python  javaScript  Presentation Skills  IT/Software Development  Engineering - Telecom/Technology,https://wuzzuf.net/jobs/p/ddnC0CbFDtJm-Senior-Odoo-Developer-Giza-Egypt?o=19&l=sp&t=sj&a=python|search-v3|navbl
Back-End Developer,Blnk Consumer Finance,"Giza, Egypt ",Full timeExperienced  3+ Yrs of Exp  Computer Science  Information Technology (IT)  Software Development  Software Engineering  Python  Django  Telecom Engineering  Back-End Developer  Development  IT/Software Development,https://wuzzuf.net/jobs/p/iJqdu9gjo3cD-Back-End-Developer-Blnk-Consumer-Finance-Giza-Egypt?o=20&l=sp&t=sj&a=python|search-v3|navbl
Senior Software Engineer-Full Stack,WEmng,"Nasr City, Cairo, Egypt ",Full timeFreelance / ProjectWork from homeExperienced  3 - 7 Yrs of Exp  Software Engineering  Software Development  Computer Science  Information Technology (IT)  javaScript  React  jQuery  English  AWS  Python,https://wuzzuf.net/jobs/p/9xNru5RifnCm-Senior-Software-Engineer-Full-Stack-WEmng-Cairo-Egypt?o=21&l=sp&t=sj&a=python|search-v3|navbl
NLP Engineer,Master Linux,"Heliopolis, Cairo, Egypt ",Full timeExperienced  2 - 5 Yrs of Exp  Computer Science  Machine Learning  Pytorch  Python  NLP  Keras  Mathematics  Software  Analysis  Robust,https://wuzzuf.net/jobs/p/67v9IcnKyNAn-NLP-Engineer-Master-Linux-Cairo-Egypt?o=22&l=sp&t=sj&a=python|search-v3|navbl
Embedded Linux Software Engineer,Bee Digital 360,"Dokki, Giza, Egypt ",Full timeExperienced  3 - 5 Yrs of Exp  Linux  Software Development  Engineering  Development  Software  Application  Computer Science  Information Technology (IT)  Python  C++,https://wuzzuf.net/jobs/p/DPuKaconUXNo-Embedded-Linux-Software-Engineer-Bee-Digital-360-Giza-Egypt?o=23&l=sp&t=sj&a=python|search-v3|navbl
Computer Science Instructor Steam,iSchool,"New Cairo, Cairo, Egypt ",Full timeEntry Level  0 - 3 Yrs of Exp  Computer Science  Instructor  Training  Teaching  Science  Computer  Information Technology (IT)  Programming  Python  Robotics,https://wuzzuf.net/jobs/p/Rk1gnObBqccA-Computer-Science-Instructor-Steam-iSchool-Cairo-Egypt?o=24&l=sp&t=sj&a=python|search-v3|navbl
Automation QA Specialist,Confidential -,"Cairo, Egypt ",Full timeWork from homeExperienced  4 - 8 Yrs of Exp  QA  Testing  Automation  Quality Assurance  Selenium  Jira  Test  CI/CD  SQL  Mobile,https://wuzzuf.net/jobs/p/TMyC83ZnpIIM-Automation-QA-Specialist-Cairo-Egypt?o=25&l=sp&t=sj&a=python|search-v3|navbl
Big Data Engineer - Jumia Food,Jumia,"Cairo, Egypt ",Full timeExperienced  3+ Yrs of Exp  Computer Science  Information Technology (IT)  Big Data  Computer Engineering  Java  Hadoop  Linux  C++  Agile  Python,https://wuzzuf.net/jobs/p/VJiL96W9vv81-Big-Data-Engineer---Jumia-Food-Jumia-Cairo-Egypt?o=26&l=sp&t=sj&a=python|search-v3|navbl
Robotics Instructor (Steam),iSchool,"New Cairo, Cairo, Egypt ",Full timeEntry Level  0 - 2 Yrs of Exp  Teaching  Education  Lego  Stem  Mechanical  Robot  Robotics  Engineering  Electronics  Programming,https://wuzzuf.net/jobs/p/YHkM0RmVlOkE-Robotics-Instructor-Steam-iSchool-Cairo-Egypt?o=27&l=sp&t=sj&a=python|search-v3|navbl
Senior DevOps Engineer,Trufla,"Heliopolis, Cairo, Egypt ",Full timeExperienced  4 - 6 Yrs of Exp  Software Engineering  DevOps  Computer Science  Automation  Python  AWS  Information Technology (IT)  Docker  Azure  CI/CD,https://wuzzuf.net/jobs/p/F21wOCg40P51-Senior-DevOps-Engineer-Trufla-Cairo-Egypt?o=28&l=sp&t=sj&a=python|search-v3|navbl
Sr. Data Visualization And Support Engineer,e-finance,"Smart Village, Giza, Egypt ",Full timeExperienced  5 - 7 Yrs of Exp  Computer Science  Software Development  Software Engineering  javaScript  Python  Java  MySQL  Algorithms  C++  Information Technology (IT),https://wuzzuf.net/jobs/p/xAKu0TiUNoVB-Sr-Data-Visualization-And-Support-Engineer-e-finance-Giza-Egypt?o=29&l=sp&t=sj&a=python|search-v3|navbl
JavaScript Team Leader,Nagwa,"Nasr City, Cairo, Egypt ",Full timeManager  4+ Yrs of Exp  Information Technology (IT)  Computer Science  Software Development  javaScript  CSS  HTML  Engineering  XML  Python  JSON,https://wuzzuf.net/jobs/p/Fejg0TLn4udl-JavaScript-Team-Leader-Nagwa-Cairo-Egypt?o=30&l=sp&t=sj&a=python|search-v3|navbl
Senior Data Analyst,Nana,"Sheraton, Cairo, Egypt ",Full timeExperienced  3 - 5 Yrs of Exp  Data Analysis  SQL  Tableau  BI  Power BI  Python  MYSQL  Data science  Data Manipulation  Data Visualization,https://wuzzuf.net/jobs/p/1AUith8WXZ0C-Senior-Data-Analyst-Nana-Cairo-Egypt?o=31&l=sp&t=sj&a=python|search-v3|navbl
Computer Vision & Deep Learning Developer,Fruitful Solutions,"New Nozha, Cairo, Egypt ",Full timeWork from homeExperienced  3+ Yrs of Exp  Machine Learning  Computer Engineering  C++  Engineering  Linux  Computer Vision  Deep Learning  Python  Computer Science  Information Technology (IT),https://wuzzuf.net/jobs/p/4l5ZyPAUKO4C-Computer-Vision-Deep-Learning-Developer-Fruitful-Solutions-Cairo-Egypt?o=32&l=sp&t=sj&a=python|search-v3|navbl
DevOps Engineer / Site Reliability Engineer - Jumia Pay,Jumia,"Cairo, Egypt ",Full timeEntry Level  1+ Yrs of Exp  Computer Science  Engineering  IT Information Technology  Site Reliability  Linux  DevOps  AWS  Python  Docker  CI/CD,https://wuzzuf.net/jobs/p/zdJdcONz3H5d-DevOps-Engineer-Site-Reliability-Engineer---Jumia-Pay-Jumia-Cairo-Egypt?o=33&l=sp&t=sj&a=python|search-v3|navbl
Senior Backend Engineer,TEMPO,"New Cairo, Cairo, Egypt ",Full timeExperienced  5+ Yrs of Exp  Information Technology (IT)  Software Engineering  Software Development  Computer Science  Back-End  Programming  Git  SQL  Jenkins  Agile,https://wuzzuf.net/jobs/p/hodoLSAzrVbS-Senior-Backend-Engineer-TEMPO-Cairo-Egypt?o=34&l=sp&t=sj&a=python|search-v3|navbl
Senior Embedded Linux Developer,El-Sewedy Electrometer,"6th of October, Giza, Egypt ",Full timeExperienced  3 - 5 Yrs of Exp  Linux  Embedded Software  Software Development  Python  C++  Information Technology (IT)  Computer Science  SQL  Programming  Electronics,https://wuzzuf.net/jobs/p/x00h4gjYjLWH-Senior-Embedded-Linux-Developer-El-Sewedy-Electrometer-Giza-Egypt?o=35&l=sp&t=sj&a=python|search-v3|navbl
ODOO Technical Support Engineer \ Development Specialist,ALMuazae,"New Cairo, Cairo, Egypt ",Full timeEntry Level  1 - 3 Yrs of Exp  Information Technology (IT)  Computer Science  Software  Technical Support  Engineering  javaScript  CRM  Odoo  Bash  Python,https://wuzzuf.net/jobs/p/krhf1E2t4fj3-ODOO-Technical-Support-Engineer-Development-Specialist-ALMuazae-Cairo-Egypt?o=36&l=sp&t=sj&a=python|search-v3|navbl
Senior Linux System Engineer,Link Datacenter,"Dokki, Giza, Egypt ",Full timeExperienced  3 - 5 Yrs of Exp  Engineering  Communication Engineering  Information Technology (IT)  Computer Science  Installation  Maintenance  Solaris  CentOS  RedHat  NGINX,https://wuzzuf.net/jobs/p/jLP52T04Wnxq-Senior-Linux-System-Engineer-Link-Datacenter-Giza-Egypt?o=37&l=sp&t=sj&a=python|search-v3|navbl
Senior Front End Developer - React,Trufla,"Heliopolis, Cairo, Egypt ",Full timeExperienced  3+ Yrs of Exp  JavaScript  Front-End  Software Development  Web Development  Computer Science  JQuery  Angular  HTML  CSS  Python,https://wuzzuf.net/jobs/p/olSifCz4yD7b-Senior-Front-End-Developer---React-Trufla-Cairo-Egypt?o=38&l=sp&t=sj&a=python|search-v3|navbl
Backend Developer - Django,Confidential -,"Heliopolis, Cairo, Egypt ",Full timeExperienced  3+ Yrs of Exp  Django  Python  AWS  API  DRF  Computer Science  Information Technology (IT)  Git  Development  REST,https://wuzzuf.net/jobs/p/QYSKg2K9cGHJ-Backend-Developer---Django-Cairo-Egypt?o=39&l=sp&t=sj&a=python|search-v3|navbl
Senior Implementation Consultant,Flairstech,"Cairo, Egypt ",Full timeExperienced  3+ Yrs of Exp  Implementation  ERP  Cloud  SaaS  Troubleshooting  Information Technology (IT)  Computer Science  Software  Computer Engineering  AWS,https://wuzzuf.net/jobs/p/9VNRM9BNrCzf-Senior-Implementation-Consultant-Flairstech-Cairo-Egypt?o=40&l=sp&t=sj&a=python|search-v3|navbl
Senior Machine Learning Engineer (NLP),Botit,"Downtown, Cairo, Egypt ",Full timeExperienced  3 - 8 Yrs of Exp  Machine Learning  Python  NLP  Engineering  Software Engineering  Mathematics  Computer Science  Information Technology (IT)  Computer Engineering  English,https://wuzzuf.net/jobs/p/8MPpHbAICLKQ-Senior-Machine-Learning-Engineer-NLP-Botit-Cairo-Egypt?o=41&l=sp&t=sj&a=python|search-v3|navbl
Odoo Developer,Confidential -,"Nasr City, Cairo, Egypt ",Full timeEntry Level  1 - 3 Yrs of Exp  Odoo  Computer Science  Python  Odoo Modules  GITLAB  PostgreSQL  Information Technology (IT)  Software Development  IT/Software Development  Engineering - Telecom/Technology,https://wuzzuf.net/jobs/p/sfUxNSsuVCQZ-Odoo-Developer-Cairo-Egypt?o=42&l=sp&t=sj&a=python|search-v3|navbl
Backend Developer PHP/JAVA,Confidential -,"Cairo, Egypt ",Full timeExperienced  3 - 5 Yrs of Exp  Development  Programming  Software Development  Information Technology (IT)  Computer Science  Java  PHP  Web Development  Python  Communication Skills,https://wuzzuf.net/jobs/p/pDY2WIRAtZWq-Backend-Developer-PHPJAVA-Cairo-Egypt?o=43&l=sp&t=sj&a=python|search-v3|navbl
NodeJS Backend Developer,Rytalo,"Obour City, Cairo, Egypt ",Full timeWork from homeExperienced  3+ Yrs of Exp  Engineering  Computer Science  Information Technology (IT)  Software Development  Microservices  NoSQL  Nodejs  javaScript  MySQL  Agile,https://wuzzuf.net/jobs/p/eIy6RhjK2Ryu-NodeJS-Backend-Developer-Rytalo-Cairo-Egypt?o=44&l=sp&t=sj&a=python|search-v3|navbl
Senior Software Developer,Genify.ai,"New Cairo, Cairo, Egypt ",Full timeWork from homeManager  2 - 7 Yrs of Exp  Information Technology (IT)  Software Development  Computer Science  Software Engineering  SQL  Software  Git  REST  javaScript  HTML,https://wuzzuf.net/jobs/p/1J6nTPX3s6KU-Senior-Software-Developer-Genify-ai-Cairo-Egypt?o=45&l=sp&t=sj&a=python|search-v3|navbl
Full Stack Developer,RentUp,"Zamalek, Cairo, Egypt ",Full timeExperienced  4+ Yrs of Exp  Laravel  Machine Learning  Python  Information Technology (IT)  Computer Science  Software Development  javaScript  PHP  MySQL  Agile,https://wuzzuf.net/jobs/p/OQ6cptH3SHGL-Full-Stack-Developer-RentUp-Cairo-Egypt?o=46&l=sp&t=sj&a=python|search-v3|navbl
Front End Developer,Charisma Design,"Nasr City, Cairo, Egypt ",Full timeExperienced  2+ Yrs of Exp  Information Technology (IT)  Software Engineering  Software Development  Web Development  Front End  UI  HTML  CSS  Javascript  Vuejs,https://wuzzuf.net/jobs/p/uRk7X7JdicAC-Front-End-Developer-Charisma-Design-Cairo-Egypt?o=47&l=sp&t=sj&a=python|search-v3|navbl
Application Support Engineer,Testing Geeks,"Dokki, Giza, Egypt ",Full timeExperienced  2 - 5 Yrs of Exp  Information Technology (IT)  Application Support  SQL  Computer Science  PHP  Laravel  Python  Typescript  Vuejs  Javascript,https://wuzzuf.net/jobs/p/xJGVvZUNLxdn-Application-Support-Engineer-Testing-Geeks-Giza-Egypt?o=48&l=sp&t=sj&a=python|search-v3|navbl
Curriculum Developer (Computer Science),iSchool,"New Cairo, Cairo, Egypt ",Full timeEntry Level  1+ Yrs of Exp  Computer Science  Information Technology (IT)  Software Development  javaScript  Communication Skills  Communication  Skills  R&d  research  Python,https://wuzzuf.net/jobs/p/7KiybhNsGJmx-Curriculum-Developer-Computer-Science-iSchool-Cairo-Egypt?o=49&l=sp&t=sj&a=python|search-v3|navbl
Senior Software Testing Engineer,Informatique Education,"Assuit, Assiut, Egypt ",Full timeExperienced  3+ Yrs of Exp  Information Technology (IT)  Software Engineering  Development  SQL  Agile  Java  Computer Science  Software Development  Engineering  Computer Engineering,https://wuzzuf.net/jobs/p/LkRPrJnHqRff-Senior-Software-Testing-Engineer-Informatique-Education-Assiut-Egypt?o=50&l=sp&t=sj&a=python|search-v3|navbl
Software Tester,Wakeb Data,"Mohandessin, Giza, Egypt ",Full timeExperienced  2 - 3 Yrs of Exp  Computer Science  Software Testing  Information Technology (IT)  Programming  Testing  Test  Software  Software Programs  PHP  Python,https://wuzzuf.net/jobs/p/Ys9WUm2m8jXF-Software-Tester-Wakeb-Data-Giza-Egypt?o=51&l=sp&t=sj&a=python|search-v3|navbl
Senior SRE/DevOps Engineer,Nana,"Sheraton, Cairo, Egypt ",Full timeExperienced  4+ Yrs of Exp  Python  Software Engineering  SRE  Computer Science  DevOps  AWS  Docker  Kubernetes  Cyber Security  Linux,https://wuzzuf.net/jobs/p/o2aDGJTwlpxP-Senior-SREDevOps-Engineer-Nana-Cairo-Egypt?o=52&l=sp&t=sj&a=python|search-v3|navbl
Data Science Engineer,"Nile Bits, LLC","6th of October, Giza, Egypt ",Full timeWork from homeExperienced  2+ Yrs of Exp  Computer Science  Computer Engineering  NoSQL  Information Technology (IT)  Software Development  Python  Cloud  Algorithms  Visualization Tools  PowerBI,https://wuzzuf.net/jobs/p/Xp8BVfZo3KwP-Data-Science-Engineer-Nile-Bits-LLC-Giza-Egypt?o=53&l=sp&t=sj&a=python|search-v3|navbl
Senior Python Developer (Remote - Part Time),Confidential -,"Cairo, Egypt ",Part timeWork from homeExperienced  3 - 5 Yrs of Exp  Software Development  Python  Computer Science  Information Technology (IT)  javaScript  Flask  React  Django  Bottle  IT/Software Development,https://wuzzuf.net/jobs/p/xgUqkfYngXZL-Senior-Python-Developer-Remote---Part-Time-Cairo-Egypt?o=54&l=sp&t=sj&a=python|search-v3|navbl
Staff Backend Engineer - Customer Team,Nana,"Sheraton, Cairo, Egypt ",Full timeExperienced  8+ Yrs of Exp  Design  Python  API  Information Technology (IT)  Computer Science  SQL  Customer Service  Troubleshooting  Programming  Software,https://wuzzuf.net/jobs/p/TCGpKfHDbk0Z-Staff-Backend-Engineer---Customer-Team-Nana-Cairo-Egypt?o=55&l=sp&t=sj&a=python|search-v3|navbl
"Software Test Automation Engineer (Selenium, Cypress)",360Imaging,"Dokki, Giza, Egypt ",Full timeWork from homeEntry Level  1+ Yrs of Exp  Software Testing  Test Automation  Agile  QA  Selenium  Jira  Computer Science  Software  Engineering  API,https://wuzzuf.net/jobs/p/wgbpYrlOlpa4-Software-Test-Automation-Engineer-Selenium-Cypress-360Imaging-Giza-Egypt?o=56&l=sp&t=sj&a=python|search-v3|navbl
Senior Full Stack .Net Developer,GET Group- Egypt,"Sheraton, Cairo, Egypt ",Full timeFreelance / ProjectExperienced  6 - 7 Yrs of Exp  Information Technology (IT)  Computer Science  Computer Engineering  Software Development  Software Engineering  C#  WPF  MVC  C++  Python,https://wuzzuf.net/jobs/p/yRyD9keDATNh-Senior-Full-Stack-Net-Developer-GET-Group--Egypt-Cairo-Egypt?o=57&l=sp&t=sj&a=python|search-v3|navbl
DevOps Engineer,TTC Technologies,"Heliopolis, Cairo, Egypt ",Full timeExperienced  4+ Yrs of Exp  Linux  Apache  MongoDB  GIT  Jenkins  Ansible  Selenium  Python  AWS  Nginx,https://wuzzuf.net/jobs/p/syFHMTVtYwx4-DevOps-Engineer-TTC-Technologies-Cairo-Egypt?o=58&l=sp&t=sj&a=python|search-v3|navbl
Senior Full Stack Developer (PHP Laravel & Vue.js),CrossWorkers,"New Cairo, Cairo, Egypt ",Full timeExperienced  3+ Yrs of Exp  Information Technology (IT)  Software Development  Laravel  VueJs  AJAX  MySQL  javaScript  PHP Laravel  PHP  Computer Science,https://wuzzuf.net/jobs/p/HIWhx7PGCVAN-Senior-Full-Stack-Developer-PHP-Laravel-Vuejs-CrossWorkers-Cairo-Egypt?o=59&l=sp&t=sj&a=python|search-v3|navbl
Full Stack Developer,Conference Organizing Bureau,"Mohandessin, Giza, Egypt ",Full timePart timeWork from homeExperienced  1 - 2 Yrs of Exp  Software Development  Full Stack  Web  Information Technology (IT)  Computer Science  javaScript  PHP  MySQL  React  Python,https://wuzzuf.net/jobs/p/WAsqVaRwGu73-Full-Stack-Developer-Conference-Organizing-Bureau-Giza-Egypt?o=60&l=sp&t=sj&a=python|search-v3|navbl
Quality Assurance Specialist ( Technical writer ),Confidential -,"Haram, Giza, Egypt ",Full timeExperienced  3+ Yrs of Exp  Quality Assurance  Quality Control  QA  Quality  Technical Writing  Biotechnology  English  Computer Science  SaaS  JIRA,https://wuzzuf.net/jobs/p/RduoUhAuyKjw-Quality-Assurance-Specialist-Technical-writer-Biobusiness-Giza-Egypt?o=61&l=sp&t=sj&a=python|search-v3|navbl
Exploration Data Scientist,Confidential -,"Qusayr, Red Sea, Egypt ",Full timeExperienced  4+ Yrs of Exp  Python  SQL  Business Intelligence  Computer Science  Math  Software Engineering  Statistics  Science  Geology  Database Administration,https://wuzzuf.net/jobs/p/PqZvjraQxsI2-Exploration-Data-Scientist-Sukari-Gold-Mines-Red-Sea-Egypt?o=62&l=sp&t=sj&a=python|search-v3|navbl
Senior Odoo Developer,Confidential -,"Victoria, Alexandria, Egypt ",Full timeExperienced  4 - 6 Yrs of Exp  Computer Science  Information Technology (IT)  Python  Odoo  Software Development  XML  API  Programming  Software  Computer Engineering,https://wuzzuf.net/jobs/p/xnk6yBaan0be-Senior-Odoo-Developer-Alexandria-Egypt?o=63&l=sp&t=sj&a=python|search-v3|navbl
Senior Backend Engineer - Platform Team,Confidential -,"Sheraton, Cairo, Egypt ",Full timeExperienced  3+ Yrs of Exp  Computer Science  Software Development  Software Engineering  SQL  Programming  Design  API  Java  Python  Git,https://wuzzuf.net/jobs/p/jHP5dkkcjmH3-Senior-Backend-Engineer---Platform-Team-Nana-Cairo-Egypt?o=64&l=sp&t=sj&a=python|search-v3|navbl
Senior Odoo Development Specialist,Confidential -,"Nasr City, Cairo, Egypt ",Full timePart timeExperienced  2+ Yrs of Exp  Information Technology (IT)  Odoo  Computer Science  Python  PostgreSQL  javaScript  HTML  Software Development  Django  GIT,https://wuzzuf.net/jobs/p/KhWofoJgB2LC-Senior-Odoo-Development-Specialist-Smart-IT-Cairo-Egypt?o=65&l=sp&t=sj&a=python|search-v3|navbl
Backend Engineer,Confidential -,"New Cairo, Cairo, Egypt ",Full timeWork from homeExperienced  2+ Yrs of Exp  Software Engineering  Information Technology (IT)  Computer Science  Software Development  Back-End  Git  SQL  Programming  Agile  Python,https://wuzzuf.net/jobs/p/bYlfxZ6MB2Xv-Backend-Engineer-TEMPO-Cairo-Egypt?o=66&l=sp&t=sj&a=python|search-v3|navbl
Senior Data Scientist,Confidential -,"Sheraton, Cairo, Egypt ",Full timeExperienced  3 - 5 Yrs of Exp  Python  Software Engineering  Computer Science  Data Science  Engineering  Machine Learning  MySQL  Data Scientist  Science  Information Technology (IT),https://wuzzuf.net/jobs/p/S9C1J3EjbtK0-Senior-Data-Scientist-Nana-Cairo-Egypt?o=67&l=sp&t=sj&a=python|search-v3|navbl
Junior Digital Design Engineer,Confidential -,"Sheraton, Cairo, Egypt ",Full timeEntry Level  0 - 1 Yrs of Exp  Information Technology (IT)  Computer Science  Engineering  Telecommunication  Electronics Engineering  HDL  Digital Design  Verilog  VHDL  CMOS,https://wuzzuf.net/jobs/p/0wjfkz7YxLzm-Junior-Digital-Design-Engineer-Si-Vision-Cairo-Egypt?o=68&l=sp&t=sj&a=python|search-v3|navbl
Senior Digital Design Engineer,Confidential -,"Sheraton, Cairo, Egypt ",Full timeExperienced  3 - 5 Yrs of Exp  Engineering  Electronics  Digital Design  IT  Computer Science  Computer Engineering  ASIC  HDL  Verilog  VHDL,https://wuzzuf.net/jobs/p/34yr254CFm8z-Senior-Digital-Design-Engineer-Si-Vision-Cairo-Egypt?o=69&l=sp&t=sj&a=python|search-v3|navbl
Systems Analyst,Confidential -,"Maadi, Cairo, Egypt ",Full timeExperienced  2 - 4 Yrs of Exp  System Analysis  Computer Science  Information Systems  Applications  Information Technology (IT)  Business Analysis  Analysis  Testing  SQL  Product Management,https://wuzzuf.net/jobs/p/ImOtWYBlEkfE-Systems-Analyst-Cairo-Egypt?o=70&l=sp&t=sj&a=python|search-v3|navbl
Data Scientist,Confidential -,"Maadi, Cairo, Egypt ",Full timeExperienced  5+ Yrs of Exp  Data Science  Computer Science  Python  SQL  Machine Learning  Algorithms  Information Technology (IT)  Statistics  Naive Bayes  Query,https://wuzzuf.net/jobs/p/YlmDpx2ff401-Data-Scientist-Cognitro-Analytics-Cairo-Egypt?o=71&l=sp&t=sj&a=python|search-v3|navbl
SOC L2 Engineer,Confidential -,"New Cairo, Cairo, Egypt ",Full timeExperienced  4+ Yrs of Exp  Information Technology (IT)  Networking  Computer Science  information security  Network  Engineering  Computer Engineering  FTP  HTTP  Unix,https://wuzzuf.net/jobs/p/JXJuoQ5mop00-SOC-L2-Engineer-ZINAD-IT-Cairo-Egypt?o=72&l=sp&t=sj&a=python|search-v3|navbl
Odoo Developer - Remotely,Confidential -,"Cairo, Egypt ",Full timeWork from homeExperienced  3 - 8 Yrs of Exp  Python  Computer Science  English  Odoo  PostgresDB  PoS  CI  CD  Github  IT,https://wuzzuf.net/jobs/p/Dc8monF5Sd5l-Odoo-Developer---Remotely-Cairo-Egypt?o=73&l=sp&t=sj&a=python|search-v3|navbl
Full Stack Developer,Confidential -,"Heliopolis, Cairo, Egypt ",Full timeExperienced  2 - 5 Yrs of Exp  GraphQL  Restful API  Java  Node.js  Full Stack  Software Development  Agile  NoSQL  SQL  HTML,https://wuzzuf.net/jobs/p/qGNpSCDf969p-Full-Stack-Developer-Master-Linux-Cairo-Egypt?o=74&l=sp&t=sj&a=python|search-v3|navbl
Senior Quality Control Engineer (Automation),Confidential -,"Mohandessin, Giza, Egypt ",Full timeExperienced  5 - 8 Yrs of Exp  Quality Control  Quality Assurance  Information Technology (IT)  Computer Science  Selenium  SoapUI  SQL  Testing  Quality  Web Applications,https://wuzzuf.net/jobs/p/pDDLu8Nz6HHg-Senior-Quality-Control-Engineer-Automation-700-apps-Giza-Egypt?o=75&l=sp&t=sj&a=python|search-v3|navbl
Senior Odoo Developer,Arn,"Cairo, Egypt ",Full timeExperienced  4+ Yrs of Exp  Computer Science  Information Technology (IT)  Odoo  Python  HTML  javaScript  Odoo Modules  XML  API  jQuery,https://wuzzuf.net/jobs/p/XDfcYileMjzl-Senior-Odoo-Developer-Arngeek-com-Cairo-Egypt?o=76&l=sp&t=sj&a=python|search-v3|navbl
Odoo Developer,Gap Polymers ,"Maadi, Cairo, Egypt ",Full timeExperienced  3+ Yrs of Exp  Information Technology (IT)  Computer Science  Odoo  Python  HTML  javaScript  CSS  Linux  jQuery  Engineering,https://wuzzuf.net/jobs/p/GlAdbUj5PBt0-Odoo-Developer-Gap-Polymers-Cairo-Egypt?o=77&l=sp&t=sj&a=python|search-v3|navbl
Full Stack Developer,iSchool,"New Cairo, Cairo, Egypt ",Full timeEntry Level  1 - 3 Yrs of Exp  Java  HTML  Python  Information Technology (IT)  Computer Science  Software Development  javaScript  google sheets  google scripts  Back-End,https://wuzzuf.net/jobs/p/sCd2YoRzfO6G-Full-Stack-Developer-iSchool-Cairo-Egypt?o=78&l=sp&t=sj&a=python|search-v3|navbl
Data Analyst,Emaar ,"Mokattam, Cairo, Egypt ",Full timeExperienced  2+ Yrs of Exp  Analysis  Data  Analytical  Data Analysis  Python  ETL  IT/Software Development  Analyst/Research,https://wuzzuf.net/jobs/p/DrUf7jmVPzGZ-Data-Analyst-Emaar-Cairo-Egypt?o=79&l=sp&t=sj&a=python|search-v3|navbl
Odoo Developer,Confidential -,"Nasr City, Cairo, Egypt ",Full timeExperienced  2 - 5 Yrs of Exp  Python  Odoo  Software Development  Web Development  javaScript  JQuery  CSS  HTML  XML  PostgreSQL,https://wuzzuf.net/jobs/p/iVJsy1VyDQOL-Odoo-Developer-Cairo-Egypt?o=80&l=sp&t=sj&a=python|search-v3|navbl
Software Engineer,StatsBomb,"Nasr City, Cairo, Egypt ",Full timeExperienced  3+ Yrs of Exp  Web Development  JVM  MongoDB  Python  PostgreSQL  NoSql  Linux  NoSQL  Apache Beam  Scala,https://wuzzuf.net/jobs/p/PeYLgdWNH3Dg-Software-Engineer-StatsBomb-Cairo-Egypt?o=81&l=sp&t=sj&a=python|search-v3|navbl
Junior Computer Vision Engineer,Beyond Apps Group,"Nasr City, Cairo, Egypt ",Full timeEntry Level  1 - 3 Yrs of Exp  OpenCV  PRD  Objective-C  Image Processing  C++  Python  Tensorflow  Keras  PyTorch  Computer Vision,https://wuzzuf.net/jobs/p/nZi4AsAZOvW7-Junior-Computer-Vision-Engineer-Beyond-Apps-Group-Cairo-Egypt?o=82&l=sp&t=sj&a=python|search-v3|navbl
Machine Learning Engineer,Caelum Egypt,"Dokki, Giza, Egypt ",Full timeExperienced  3+ Yrs of Exp  Machine Learning  Python  C++  PyTorch  Tensorflow  Algorithms  Computer Science  Computer Engineering  Information Technology (IT)  Image Processing,https://wuzzuf.net/jobs/p/qqtdsKkAqwlW-Machine-Learning-Engineer-Caelum-Egypt-Giza-Egypt?o=83&l=sp&t=sj&a=python|search-v3|navbl
Programming Instructor - Mansoura,PL-KSA,"Mansoura, Dakahlia, Egypt ",Full timePart timeWork from homeExperienced  2 - 5 Yrs of Exp  Robotics  Programming  Training  Instruction  Education  Computer Science  Computer Engineering  Technical  Java  C,https://wuzzuf.net/jobs/p/j5UQmTBxJnAS-Programming-Instructor---Mansoura-PL-KSA-Dakahlia-Egypt?o=84&l=sp&t=sj&a=python|search-v3|navbl
Cloud AI Engineer - Microsoft Azure,Cognitro Analytics ,"Maadi, Cairo, Egypt ",Full timeExperienced  5 - 8 Yrs of Exp  DevOps  Deployment  Azure  CI  ML/DL frameworks  Power BI  Information Technology (IT)  AI  Artificial Intelligence  Computer Science,https://wuzzuf.net/jobs/p/S6dlZYk4KjkS-Cloud-AI-Engineer---Microsoft-Azure-Cognitro-Analytics-Cairo-Egypt?o=85&l=sp&t=sj&a=python|search-v3|navbl
Computer Vision Tech Lead,Beyond Apps Group,"Nasr City, Cairo, Egypt ",Full timeManager  4+ Yrs of Exp  OpenCV  OpenGL  PRD  Objective-C  Image Processing  C++  Python  Tensorflow  Keras  PyTorch,https://wuzzuf.net/jobs/p/j5sAIc63x4yC-Computer-Vision-Tech-Lead-Beyond-Apps-Group-Cairo-Egypt?o=86&l=sp&t=sj&a=python|search-v3|navbl
Senior GCP Cloud & DevOps Engineer,Confidential -,"Cairo, Egypt ",Full timeExperienced  4+ Yrs of Exp  Nexus  DevOps  Python  CI/CD tools  Linux  Terraform  GCP Platform  Jenkins  Computer Science  Information Technology (IT),https://wuzzuf.net/jobs/p/M7mFOUjsRr6U-Senior-GCP-Cloud-DevOps-Engineer-Cairo-Egypt?o=87&l=sp&t=sj&a=python|search-v3|navbl
Senior Stack Developer - MEAN/MERN,SmartTech Systems,"Nasr City, Cairo, Egypt ",Full timeExperienced  3 - 6 Yrs of Exp  Node JS  Docker  Python  MongoDB  Node Red  RASA  React JS  MEAN Stack  Stack Developement  Stack,https://wuzzuf.net/jobs/p/adXVDnRxY4Pr-Senior-Stack-Developer---MEANMERN-SmartTech-Systems-Cairo-Egypt?o=88&l=sp&t=sj&a=python|search-v3|navbl
Odoo Developer,E3mel Business for Financial & Managerial Consultancy,"Maadi, Cairo, Egypt ",Full timeEntry Level  1 - 3 Yrs of Exp  males_only  Computer Science  Information Technology (IT)  Python  Software Development  Odoo  Software  SCRUM  Communication Skills  Development  CSS,https://wuzzuf.net/jobs/p/yNXK5BwogKW7-Odoo-Developer-E3mel-Business-for-Financial-Managerial-Consultancy-Cairo-Egypt?o=89&l=sp&t=sj&a=python|search-v3|navbl
Team lead Backend Java,A1Softech,"Cairo, Egypt ",Full timeManager  6 - 9 Yrs of Exp  Java  Kotlin  Backend  Docker  API  Design  Software Development  Computer Science  Software  Information Technology (IT),https://wuzzuf.net/jobs/p/Lwj29Yo6NNg1-Team-lead-Backend-Java-A1Softech-Cairo-Egypt?o=90&l=sp&t=sj&a=python|search-v3|navbl
Software Development Team Leader,Superior Business Solutions,"Nasr City, Cairo, Egypt ",Full timeManager  5+ Yrs of Exp  Computer Science  Information Technology (IT)  Software Development  Software  Engineering  SQL  Agile  C#  jQuery  HTML5,https://wuzzuf.net/jobs/p/Ivi9LpTSBDhC-Software-Development-Team-Leader-Superior-Business-Solutions-Cairo-Egypt?o=91&l=sp&t=sj&a=python|search-v3|navbl
Senior DevOps Engineer,SmartTech Systems,"Nasr City, Cairo, Egypt ",Full timeExperienced  4+ Yrs of Exp  Linux  CI/CD  DevOps  Software Engineering  Docker  AWS  Jenkins  Python  Information Technology (IT)  Computer Science,https://wuzzuf.net/jobs/p/lEQfxFCezA3e-Senior-DevOps-Engineer-SmartTech-Systems-Cairo-Egypt?o=92&l=sp&t=sj&a=python|search-v3|navbl
IT System Engineer - Leader, Si-Vision,"Sheraton, Cairo, Egypt ",Full timeManager  7+ Yrs of Exp  Information Technology (IT)  Engineering  Communication  Computer Science  Computer Engineering  Electronics  Communication Engineering  Linux  Networking  Security,https://wuzzuf.net/jobs/p/f5kGjN87HsDG-IT-System-Engineer---Leader-Si-Vision-Cairo-Egypt?o=93&l=sp&t=sj&a=python|search-v3|navbl
Software Support Engineer,Trufla,"Heliopolis, Cairo, Egypt ",Full timeExperienced  2+ Yrs of Exp  Technical Support  Software  Technical Office  Computer Science  MySQL  Git  PHP  Javascript  Linux  CI/CD,https://wuzzuf.net/jobs/p/6Oo5p8Hce5Zx-Software-Support-Engineer-Trufla-Cairo-Egypt?o=94&l=sp&t=sj&a=python|search-v3|navbl
Front End Web Developer,Boubyan Digital Factory Co.,"Cairo, Egypt ",Full timeExperienced  2 - 3 Yrs of Exp  Information Technology (IT)  Computer Science  Software Development  javaScript  CSS  HTML5  CSS3  Front End  UI  Bootstrap,https://wuzzuf.net/jobs/p/KEw3a7D09tAY-Front-End-Web-Developer-Boubyan-Digital-Factory-Co-Cairo-Egypt?o=95&l=sp&t=sj&a=python|search-v3|navbl
Senior Node JS Backend Developer,"Nile Bits, LLC","Nasr City, Cairo, Egypt ",Full timeWork from homeExperienced  5 - 10 Yrs of Exp  Software Development  Design  Python  Information Technology (IT)  Computer Science  javaScript  Docker  AWS  Java  NoSQL,https://wuzzuf.net/jobs/p/SfEtiH4V22AA-Senior-Node-JS-Backend-Developer-Nile-Bits-LLC-Cairo-Egypt?o=96&l=sp&t=sj&a=python|search-v3|navbl
Senior Devops Engineer,Premier Services and Recruitment,"New Cairo, Cairo, Egypt ",Full timeExperienced  3+ Yrs of Exp  Kubernetes  DevOps  Software Engineering  Docker  Jenkins  Linux  Automation  Information Technology (IT)  Computer Science  Engineering,https://wuzzuf.net/jobs/p/BLQVr1WHhAo2-Senior-Devops-Engineer-Premier-Services-and-Recruitment-Cairo-Egypt?o=97&l=sp&t=sj&a=python|search-v3|navbl
Odoo Implementer,Jessour Misr,"Abu Rawash, Giza, Egypt ",Full timeExperienced  2 - 4 Yrs of Exp  Odoo  ERP  Odoo ERP  Implementation  Accounting  ERP Implementation  Information Technology (IT)  Communication Skills  Database  Computer Science,https://wuzzuf.net/jobs/p/lcuchWNqad89-Odoo-Implementer-Jessour-Misr-Giza-Egypt?o=98&l=sp&t=sj&a=python|search-v3|navbl
NLP/Deep Learning Instructor,EPSILON TRAINING CENTER,"Nasr City, Cairo, Egypt ",Part timeEntry Level  1+ Yrs of Exp  Computer Skills  Computer Science  Information Technology (IT)  NLP  Deep Learning  Machine Learning  Python  Computer Engineering  Software Engineering  OOP,https://wuzzuf.net/jobs/p/PkUtdG8AZnel-NLPDeep-Learning-Instructor-EPSILON-TRAINING-CENTER-Cairo-Egypt?o=99&l=sp&t=sj&a=python|search-v3|navbl
Rails & JavaScript Senior Full Stack Developer,Rebase Ventures,"Cairo, Egypt ",Full timeWork from homeExperienced  3+ Yrs of Exp  Software Engineering  Computer Science  Information Technology (IT)  javaScript  HTML  CSS3  GCP  AWS  Mac OS  HTML5,https://wuzzuf.net/jobs/p/oH62hw1LmwNf-Rails-JavaScript-Senior-Full-Stack-Developer-Rebase-Ventures-Cairo-Egypt?o=100&l=sp&t=sj&a=python|search-v3|navbl
Data Science Lead,MoneyFellows,"Maadi, Cairo, Egypt ",Full timeManager  7+ Yrs of Exp  Machine Learning  MySQL  Tableau  Python  Algorithms  data science  SQL Queries  NoSQL  Data Modelling  Data Analysis,https://wuzzuf.net/jobs/p/6v9mCtgxxKjE-Data-Science-Lead-MoneyFellows-Cairo-Egypt?o=101&l=sp&t=sj&a=python|search-v3|navbl
Web Developer,MWG,"Nasr City, Cairo, Egypt ",Full timeExperienced  2+ Yrs of Exp  HTML5  CSS3  Web Development  javaScript  MySQL  Information Technology (IT)  Computer Science  Software Development  Development  Front End,https://wuzzuf.net/jobs/p/glI8tnGl6cVc-Web-Developer-MWG-Cairo-Egypt?o=102&l=sp&t=sj&a=python|search-v3|navbl
Business Intelligence Developer,Fatura ,"Maadi, Cairo, Egypt ",Full timeExperienced  2 - 5 Yrs of Exp  SQL  Business Intelligence  Big Data  Tableau  Data Warehouse  Communication Skills  Information Technology (IT)  Analytical  Data  ETL,https://wuzzuf.net/jobs/p/4ydjkUeYF21i-Business-Intelligence-Developer-Fatura-Cairo-Egypt?o=103&l=sp&t=sj&a=python|search-v3|navbl
Odoo Developer - Remotely,Confidential -,"Cairo, Egypt ",Full timePart timeWork from homeExperienced  2 - 4 Yrs of Exp  Odoo  Computer Science  Information Technology (IT)  Python  Software  Software Engineering  Software Development  Odoo ERP  English  IT/Software Development,https://wuzzuf.net/jobs/p/zxYlLQhrc19M-Odoo-Developer---Remotely-Cairo-Egypt?o=104&l=sp&t=sj&a=python|search-v3|navbl
Odoo ERP Functional Consultant,Smart IT,"Cairo, Egypt ",Full timeExperienced  3 - 5 Yrs of Exp  Odoo  Information Technology (IT)  ERP  Odoo ERP  Accounting  Computer Science  Installation/Maintenance/Repair  IT/Software Development  Engineering - Telecom/Technology,https://wuzzuf.net/jobs/p/82TyysxVZFYJ-Odoo-ERP-Functional-Consultant-Smart-IT-Cairo-Egypt?o=105&l=sp&t=sj&a=python|search-v3|navbl
IT System Engineering Leader,Premier Services and Recruitment,"New Cairo, Cairo, Egypt ",Full timeManager  6 - 8 Yrs of Exp  System Engineer  Information Technology (IT)  Computer Science  Engineering  Computer Engineering  Installation/Maintenance/Repair  IT/Software Development  Engineering - Telecom/Technology,https://wuzzuf.net/jobs/p/6NNubG4azn0l-IT-System-Engineering-Leader-Premier-Services-and-Recruitment-Cairo-Egypt?o=106&l=sp&t=sj&a=python|search-v3|navbl
Enterprise Solutions Team Leader (Odoo),Mideast Software,"New Cairo, Cairo, Egypt ",Full timeManager  10 - 15 Yrs of Exp  Information Technology (IT)  Computer Science  Engineering  #odoo  SQL  C#  Angular  javaScript  HTML5  JQuery,https://wuzzuf.net/jobs/p/P5GuOwbbPDp1-Enterprise-Solutions-Team-Leader-Odoo-Mideast-Software-Cairo-Egypt?o=107&l=sp&t=sj&a=python|search-v3|navbl
Digital Solutions Manager,Elaraby Group,"Cairo, Egypt ",Full timeManager  8 - 10 Yrs of Exp  Communication  Marketing  Sales  Software Development  PHP  Software  Management  Information Technology (IT)  English  IT/Software Development,https://wuzzuf.net/jobs/p/z7oWZG9lWZit-Digital-Solutions-Manager-Elaraby-Group-Cairo-Egypt?o=108&l=sp&t=sj&a=python|search-v3|navbl
Senior Software Engineer - Full Stack (6 Months Contract),Confidential -,"Cairo, Egypt ",Freelance / ProjectExperienced  3+ Yrs of Exp  Software Development  Software Engineering  Computer Science  Information Technology (IT)  javaScript  Git  React  UI  jQuery  AWS,https://wuzzuf.net/jobs/p/WcPlDgmDOvRu-Senior-Software-Engineer---Full-Stack-6-Months-Contract-Cairo-Egypt?o=109&l=sp&t=sj&a=python|search-v3|navbl
Senior .Net Full Stack Developer (Project Based),One Point Holding,"Sheraton, Cairo, Egypt ",Full timeExperienced  3+ Yrs of Exp  Information Technology (IT)  Computer Science  Software Development  javaScript  .NET  Angular  SQL  C#  HTML  Full Stack,https://wuzzuf.net/jobs/p/zq1P7w9fu5a5-Senior-Net-Full-Stack-Developer-Project-Based-One-Point-Holding-Cairo-Egypt?o=110&l=sp&t=sj&a=python|search-v3|navbl
IT Technical Support (80 % Of Work Will Be Allocated In Africa),Confidential -,"Cairo, Egypt ",Full timePart timeExperienced  5 - 15 Yrs of Exp  Information Technology (IT)  Computer Hardware  Installation  Networks  Hardware  LAN  WAN  Computer  Network  Servers,https://wuzzuf.net/jobs/p/ymgfCb8s4v1u-IT-Technical-Support-80-Of-Work-Will-Be-Allocated-In-Africa-Cairo-Egypt?o=111&l=sp&t=sj&a=python|search-v3|navbl
DevOps Engineer & Technical Lead,Fields for Trading and Industries,"Obour City, Cairo, Egypt ",Part timeExperienced  2 - 5 Yrs of Exp  Information Technology (IT)  Computer Science  Computer Engineering  Software Development  Software  Java  AWS  Docker  Linux  MySQL,https://wuzzuf.net/jobs/p/grOplHOz6JPV-DevOps-Engineer-Technical-Lead-Fields-for-Trading-and-Industries-Cairo-Egypt?o=112&l=sp&t=sj&a=python|search-v3|navbl
React Front End Web Developer - Ocucon UK Team - (Alexandria),Procrew,"San Stefano, Alexandria, Egypt ",Full timeExperienced  3+ Yrs of Exp  Wireframes  Information Technology (IT)  Software Development  React  Front End  javaScript  Computer Science  Express  JSON  API,https://wuzzuf.net/jobs/p/8VL9e025LerV-React-Front-End-Web-Developer---Ocucon-UK-Team---Alexandria-Procrew-Alexandria-Egypt?o=113&l=sp&t=sj&a=python|search-v3|navbl
Senior Devops Engineer,Botit,"Downtown, Cairo, Egypt ",Full timeExperienced  3+ Yrs of Exp  Linux  Azure  Nginx  Docker  Kubernetes  Git  DevOps  Jenkins  Software Engineering  NoSQL,https://wuzzuf.net/jobs/p/qZPhBSMQ3Avg-Senior-Devops-Engineer-Botit-Cairo-Egypt?o=114&l=sp&t=sj&a=python|search-v3|navbl
Senior .Net Software Developer,Kalasko,"Hurghada, Red Sea, Egypt ",Full timeExperienced  4 - 5 Yrs of Exp  C#  Information Technology (IT)  Cloud Computing  Computer Science  Software Development  Software Engineering  .NET  .NET Framework  English  Software,https://wuzzuf.net/jobs/p/HUeOT6iNgXje-Senior-Net-Software-Developer-Kalasko-Red-Sea-Egypt?o=115&l=sp&t=sj&a=python|search-v3|navbl
Software Development Manager,Confidential -,"Giza, Giza, Egypt ",Full timeWork from homeManager  10+ Yrs of Exp  Computer Science  Agile  Management  Software  Software Development  Communication Skills  PHP  Information Technology (IT)  Software Engineering  javaScript,https://wuzzuf.net/jobs/p/N6OabqAK2R7l-Software-Development-Manager-Giza-Egypt?o=116&l=sp&t=sj&a=python|search-v3|navbl
Senior Technical Support Engineer,Expandium,"Maadi, Cairo, Egypt ",Full timeExperienced  2+ Yrs of Exp  Technical Support  Linux  Installation  Maintenance  Information Technology (IT)  Engineering  Customer Service  Network  Troubleshooting  Computer Science,https://wuzzuf.net/jobs/p/CvRJlUCKyyHR-Senior-Technical-Support-Engineer-Expandium-Cairo-Egypt?o=117&l=sp&t=sj&a=python|search-v3|navbl
Software Tester,Div Systems,"Mokattam, Cairo, Egypt ",Full timeExperienced  2 - 5 Yrs of Exp  API  Computer Science  Information Technology (IT)  Automation  Testing  Automation Testing  SQL  Software Testing  Quality Control  Selenium,https://wuzzuf.net/jobs/p/OxZkzWXdf0HT-Software-Tester-Div-Systems-Cairo-Egypt?o=118&l=sp&t=sj&a=python|search-v3|navbl
Senior DevOps Engineer,Mideast Software,"New Cairo, Cairo, Egypt ",Full timeExperienced  3 - 5 Yrs of Exp  Information Technology (IT)  Agile  Linux  Docker  Software Engineering  DevOps  Engineering  Software Development  Computer Science  IT/Software Development,https://wuzzuf.net/jobs/p/eQGpwpzLMj0w-Senior-DevOps-Engineer-Mideast-Software-Cairo-Egypt?o=119&l=sp&t=sj&a=python|search-v3|navbl
IT And Odoo Developer,Fitex ,"Cairo, Egypt ",Full timeExperienced  3+ Yrs of Exp  Odoo  Information Technology (IT)  ERP  IT/Software Development  Engineering - Telecom/Technology,https://wuzzuf.net/jobs/p/05gboDSYtddq-IT-And-Odoo-Developer-Fitex-Cairo-Egypt?o=120&l=sp&t=sj&a=python|search-v3|navbl
Robotics Instructor Steam,iSchool,"New Cairo, Cairo, Egypt ",Full timeEntry Level  0 - 2 Yrs of Exp  Teaching  Education  Lego  Stem  Mechanical  Robot  Robotics  Engineering  Electronics  Programming,https://wuzzuf.net/jobs/p/JW4lzXJ95ibv-Robotics-Instructor-Steam-iSchool-Cairo-Egypt?o=121&l=sp&t=sj&a=python|search-v3|navbl
R&D Engineer,Simplex,"Nasr City, Cairo, Egypt ",Full timeEntry Level  1 - 3 Yrs of Exp  R&amp;D  Design  SolidWorks  Mechatronics  Electronics  Programming  Software  CAD  3D  Engineering,https://wuzzuf.net/jobs/p/1rAo6S5T281f-RD-Engineer-Simplex-Cairo-Egypt?o=122&l=sp&t=sj&a=python|search-v3|navbl
Back-End Java Developer,e Aswaaq Misr,"Giza, Egypt ",Full timeExperienced  2 - 4 Yrs of Exp  Computer Science  Software Development  Information Technology (IT)  javaScript  Software Engineering  Back-End  PHP  HTML  CSS  Web Development,https://wuzzuf.net/jobs/p/6MKTPSfvEnN4-Back-End-Java-Developer-e-Aswaaq-Misr-Giza-Egypt?o=123&l=sp&t=sj&a=python|search-v3|navbl
Computer science Instructor ( STEAM ),iSchool,"New Cairo, Cairo, Egypt ",Full timeEntry Level  1 - 3 Yrs of Exp  Computer Science  Instructor  Training  Teaching  Science  Computer  Information Technology (IT)  IT/Software Development  Engineering - Telecom/Technology  Training/Instructor,https://wuzzuf.net/jobs/p/4wGwnZ4LfABw-Computer-science-Instructor-STEAM-iSchool-Cairo-Egypt?o=124&l=sp&t=sj&a=python|search-v3|navbl
DevOps/ProdOPS Engineer M/F Cairo (Egypt),Cegedim,"New Cairo, Cairo, Egypt ",Full timeExperienced  3+ Yrs of Exp  Computer Science  Computer Engineering  Information Technology (IT)  DevOps  ProdOPS  Gradle  Git  Openshift  AngularJS  Sonar,https://wuzzuf.net/jobs/p/YHoqOmwo30WT-DevOpsProdOPS-Engineer-MF-Cairo-Egypt-Cegedim-Cairo-Egypt?o=125&l=sp&t=sj&a=python|search-v3|navbl
Senior Software Engineer,NewStore,"Berlin, Germany ",Full timeExperienced  3+ Yrs of Exp  Software Engineering  E-Commerce  Computer Science  Information Technology (IT)  Software Development  Engineering  Software  javaScript  Agile  Testing,https://wuzzuf.net/jobs/p/x1eQf18ZVl1j-Senior-Software-Engineer-NewStore-Berlin-Germany?o=126&l=sp&t=sj&a=python|search-v3|navbl
Senior Software Developer (Focusing on .NET),TMentors,"Maadi, Cairo, Egypt ",Full timeExperienced  2 - 5 Yrs of Exp  .Net Core  .Net  Information Technology (IT)  Software Development  Computer Science  .NET  Software Engineering  Node.js  javaScript  English,https://wuzzuf.net/jobs/p/U0xPPqDtpG76-Senior-Software-Developer-Focusing-on-NET-TMentors-Cairo-Egypt?o=127&l=sp&t=sj&a=python|search-v3|navbl
Senior Quality Assurance Specialist - Software,Master Linux,"Mohandessin, Giza, Egypt ",Full timeExperienced  5 - 15 Yrs of Exp  Quality Assurance  Quality Control  Quality  Computer Science  Testing  Automation  SQL  Science  Scrum  Jira,https://wuzzuf.net/jobs/p/j8JGZPd6i1lV-Senior-Quality-Assurance-Specialist---Software-Master-Linux-Giza-Egypt?o=128&l=sp&t=sj&a=python|search-v3|navbl
Software Engineer,Fab-Minds,"Sheraton, Cairo, Egypt ",Full timeExperienced  2 - 6 Yrs of Exp  Software Development  Computer Science  Software Engineering  Engineering  Software  Computer Engineering  Programming  Information Technology (IT)  Design  Agile,https://wuzzuf.net/jobs/p/hGl0StOAYFpp-Software-Engineer-Fab-Minds-Cairo-Egypt?o=129&l=sp&t=sj&a=python|search-v3|navbl
Senior DevOps Engineer - Remotely,"Nile Bits, LLC","Nasr City, Cairo, Egypt ",Full timeWork from homeExperienced  3+ Yrs of Exp  DevOps  Agile  Git  Azure  Information Technology (IT)  Computer Science  Software Engineering  Docker  AWS  MySQL,https://wuzzuf.net/jobs/p/JDdatdZFUb2D-Senior-DevOps-Engineer---Remotely-Nile-Bits-LLC-Cairo-Egypt?o=130&l=sp&t=sj&a=python|search-v3|navbl
Assistant Lecturer in Digital Media,El Sewedy Education - The Knowledge Hub Universities,"Cairo, Egypt ",Full timeExperienced  5+ Yrs of Exp  Media  Teaching  Academic  Education  Design  English  Communication Skills  Business  Media/Journalism/Publishing  Education/Teaching,https://wuzzuf.net/jobs/p/wJmwDQmvCnVo-Assistant-Lecturer-in-Digital-Media-El-Sewedy-Education---The-Knowledge-Hub-Universities-Cairo-Egypt?o=131&l=sp&t=sj&a=python|search-v3|navbl
